2026-05-07	issue-opened	4
2026-05-07	pr-merged	2
2026-05-07	pr-opened	1
2026-05-08	issue-opened	10
2026-05-08	issue-resolved	2
2026-05-08	pr-merged	4
2026-05-08	pr-opened	5
2026-05-09	issue-opened	2
2026-05-09	issue-resolved	4
2026-05-09	pr-merged	7
2026-05-09	pr-opened	6
2026-05-10	issue-opened	2
2026-05-10	issue-resolved	4
2026-05-10	pr-merged	24
2026-05-10	pr-opened	24
2026-05-11	issue-resolved	1
2026-05-11	pr-merged	3
2026-05-11	pr-opened	3
2026-05-12	issue-opened	1
2026-06-07	pr-opened	2
2026-06-08	issue-closed	12
2026-06-08	issue-resolved	1
2026-06-08	pr-closed	2
2026-06-08	pr-merged	2
2026-06-08	pr-opened	1
2026-06-10	pr-merged	7
2026-06-10	pr-opened	7
2026-06-11	issue-opened	1
2026-06-11	pr-merged	6
2026-06-11	pr-opened	6
2026-06-13	pr-merged	3
2026-06-13	pr-opened	6
2026-06-14	issue-opened	5
2026-06-14	issue-resolved	2
2026-06-14	pr-merged	16
2026-06-14	pr-opened	13
